ID,Word,Count
0,absurd,2
1,accident,2
2,added,26
3,addressed,2
4,advance,3
5,advantage,3
6,adventures,6
7,advice,2
8,advisable,2
9,afraid,12
10,age,4
11,agree,2
12,ah,5
13,air,13
14,alarm,2
15,alas,4
16,alice,377
17,alices,12
18,alive,3
19,allow,3
20,aloud,5
21,altogether,5
22,andoh,2
23,anger,2
24,angrily,8
25,angry,5
26,animals,5
27,ann,4
28,answer,9
29,answered,4
30,anxious,3
31,anxiously,12
32,appear,2
33,appeared,8
34,apples,2
35,archbishop,2
36,arches,4
37,argument,4
38,arm,11
39,arms,6
40,ashamed,2
41,ask,11
42,asked,16
43,asking,5
44,asleep,8
45,assembled,2
46,atom,2
47,attending,3
48,authority,2
49,aw,6
50,away,24
51,baby,12
52,bad,2
53,bank,2
54,bark,2
55,barrowful,2
56,bat,3
57,bats,4
58,beasts,2
59,beat,4
60,beating,2
61,beauootiful,6
62,beautiful,15
63,beautifully,2
64,beg,9
65,began,59
66,begin,13
67,beginning,13
68,begins,4
69,begun,7
70,beheaded,2
71,believe,9
72,belongs,2
73,bend,2
74,best,12
75,better,14
76,bills,3
77,bird,2
78,birds,9
79,bit,15
80,bite,2
81,blasts,8
82,blew,8
83,blow,2
84,body,2
85,book,7
86,boots,4
87,bottle,10
88,bowed,4
89,box,4
90,boy,2
91,branches,2
92,breadandbutter,5
93,break,2
94,breath,4
95,breathe,3
96,bright,6
97,brightened,2
98,bring,3
99,bringing,3
100,broke,2
101,broken,6
102,brought,3
103,brown,2
104,burn,2
105,busily,4
106,business,6
107,butter,3
108,cake,3
109,cakes,3
110,called,15
111,came,40
112,candle,3
113,capital,4
114,cards,3
115,care,4
116,carefully,2
117,cares,2
118,carried,4
119,carrying,2
120,case,5
121,cat,35
122,catch,3
123,catching,2
124,caterpillar,27
125,cats,15
126,caucusrace,3
127,caught,3
128,cauldron,2
129,cause,3
130,caused,2
131,cautiously,3
132,certain,3
133,certainly,14
134,chance,8
135,change,11
136,changed,8
137,changes,2
138,changing,2
139,chapter,12
140,checked,3
141,cheered,3
142,cheshire,7
143,child,9
144,children,7
145,chimney,5
146,chin,7
147,choice,2
148,choked,3
149,chorus,6
150,chose,2
151,civil,3
152,claws,2
153,clear,2
154,clever,2
155,clock,2
156,close,12
157,coaxing,2
158,collected,2
159,come,45
160,comes,2
161,comfits,2
162,coming,9
163,concert,2
164,concluded,2
165,conclusion,2
166,confused,3
167,confusing,3
168,confusion,5
169,conqueror,2
170,consider,3
171,considered,3
172,considering,3
173,constant,2
174,contemptuously,2
175,continued,10
176,conversation,10
177,cook,13
178,cool,2
179,corner,3
180,courage,2
181,course,25
182,court,18
183,crab,3
184,crash,2
185,creature,4
186,creatures,10
187,cried,20
188,croquet,5
189,croquetground,3
190,crossed,3
191,crossexamine,2
192,crowd,4
193,crowded,5
194,crown,3
195,crumbs,4
196,crying,2
197,cup,2
198,cupboards,2
199,curiosity,5
200,curious,19
201,curiouser,2
202,curled,2
203,cushion,2
204,custody,2
205,cut,5
206,dance,14
207,dancing,2
208,dare,5
209,dark,3
210,day,24
211,days,3
212,dead,4
213,deal,12
214,dear,28
215,dears,3
216,decided,3
217,decidedly,3
218,declare,2
219,deep,7
220,deeply,4
221,delight,3
222,delighted,2
223,delightful,2
224,denied,2
225,deny,2
226,did,60
227,didnt,14
228,different,9
229,difficult,2
230,difficulty,5
231,digging,4
232,dinah,11
233,dinahll,2
234,dinn,2
235,dinner,2
236,dipped,2
237,directed,2
238,direction,5
239,directions,3
240,directly,2
241,disappeared,2
242,dish,4
243,dishes,2
244,dispute,2
245,distance,6
246,dodo,13
247,does,9
248,doesnt,16
249,dog,2
250,dogs,4
251,doing,4
252,dont,60
253,door,29
254,doors,2
255,dormouse,39
256,doth,3
257,doubt,4
258,doubtful,2
259,doubtfully,2
260,draw,8
261,dreadful,2
262,dreadfully,6
263,dream,6
264,drew,5
265,drink,7
266,drive,2
267,dropped,5
268,drunk,2
269,dry,8
270,duchess,38
271,duchesss,3
272,duck,4
273,dull,2
274,eager,2
275,eagerly,8
276,eaglet,3
277,ear,5
278,earls,2
279,earnestly,2
280,ears,5
281,earth,4
282,easily,3
283,easy,2
284,eat,18
285,edge,3
286,editions,3
287,edwin,2
288,eeevening,4
289,effect,3
290,eggs,5
291,elbow,3
292,em,3
293,encouraging,2
294,end,17
295,english,6
296,entangled,2
297,entirely,2
298,escape,4
299,evening,2
300,everybody,7
301,everythings,2
302,evidence,7
303,exactly,8
304,excellent,2
305,exclaimed,6
306,executed,6
307,execution,2
308,executioner,5
309,executions,2
310,expecting,3
311,experiment,2
312,explain,10
313,explanation,2
314,explanatione,2
315,extraordinary,2
316,extremely,2
317,eye,7
318,eyes,25
319,face,13
320,faces,4
321,fact,8
322,fall,7
323,fallen,4
324,falling,2
325,fan,10
326,fancied,2
327,fancy,5
328,far,13
329,fashion,2
330,fast,4
331,faster,3
332,father,7
333,fear,4
334,feeble,2
335,feel,7
336,feeling,7
337,feelings,2
338,feet,19
339,fell,6
340,fellow,4
341,felt,23
342,ferrets,2
343,fetch,7
344,fight,2
345,figure,3
346,filled,2
347,finding,3
348,finger,5
349,finish,5
350,finished,12
351,fish,3
352,fishfootman,2
353,fit,3
354,flamingo,5
355,flamingoes,2
356,flat,2
357,floor,3
358,flowers,2
359,fly,3
360,folded,3
361,follow,3
362,followed,7
363,follows,3
364,fond,3
365,foot,9
366,footman,10
367,footsteps,2
368,forehead,2
369,forget,2
370,forgetting,3
371,forgot,2
372,forgotten,6
373,fountains,2
374,free,3
375,french,4
376,friend,3
377,friends,2
378,fright,2
379,frightened,7
380,frog,2
381,frowning,4
382,fun,3
383,funny,3
384,fur,3
385,fury,2
386,game,11
387,games,2
388,garden,15
389,gardeners,5
390,gave,15
391,general,3
392,generally,7
393,gently,3
394,getting,22
395,girl,4
396,girls,3
397,giving,2
398,glad,11
399,glass,10
400,gloves,10
401,goes,7
402,going,26
403,golden,7
404,goldfish,2
405,gone,12
406,good,25
407,goose,2
408,got,44
409,grand,3
410,grass,3
411,grave,3
412,gravely,3
413,great,39
414,green,4
415,grin,6
416,grinned,3
417,ground,4
418,grow,15
419,growing,11
420,growl,3
421,grown,6
422,grunted,4
423,gryphon,54
424,guess,3
425,guessed,3
426,guests,3
427,guineapig,2
428,guineapigs,3
429,hadnt,8
430,hair,7
431,half,20
432,hall,9
433,hand,19
434,handed,3
435,hands,12
436,hanging,3
437,happen,9
438,happened,6
439,happens,5
440,hard,8
441,hardly,12
442,hare,31
443,hastily,16
444,hatter,55
445,hatters,2
446,havent,8
447,having,10
448,head,47
449,heads,8
450,hear,14
451,heard,30
452,hearing,4
453,hearts,8
454,hedge,2
455,hedgehog,7
456,hedgehogs,3
457,height,5
458,held,4
459,help,9
460,hes,3
461,high,15
462,hint,2
463,history,7
464,hit,2
465,hoarse,3
466,hold,9
467,holding,3
468,home,5
469,honour,4
470,hookah,5
471,hope,3
472,hoping,3
473,hot,5
474,hour,2
475,hours,3
476,house,17
477,howling,3
478,humbly,2
479,hungry,3
480,hunting,3
481,hurried,10
482,hurriedly,2
483,hurry,11
484,hurt,3
485,id,11
486,idea,15
487,ii,2
488,ill,33
489,im,57
490,imagine,2
491,immediately,3
492,impatiently,5
493,important,5
494,impossible,3
495,inches,6
496,indignantly,4
497,inside,2
498,instance,3
499,instantly,4
500,instead,3
501,interesting,5
502,interrupted,9
503,interrupting,2
504,introduce,2
505,invitation,2
506,invited,2
507,isnt,7
508,isoh,2
509,itll,8
510,ive,34
511,jar,2
512,jaws,2
513,join,10
514,joined,2
515,judge,4
516,jumped,5
517,jumping,4
518,jurors,4
519,jury,17
520,jurybox,4
521,jurymen,5
522,just,52
523,keeping,2
524,kept,13
525,key,9
526,kick,3
527,kid,6
528,kind,7
529,kindly,2
530,king,59
531,kings,3
532,kitchen,4
533,knave,7
534,knee,4
535,knew,12
536,knife,2
537,knocking,3
538,knot,2
539,know,85
540,knowing,2
541,knowledge,3
542,knows,2
543,label,2
544,lady,3
545,lap,2
546,large,32
547,larger,7
548,lasted,2
549,late,6
550,later,3
551,latitude,2
552,laughed,2
553,laughing,2
554,law,2
555,lay,4
556,leaning,2
557,learn,7
558,learning,3
559,learnt,2
560,leave,8
561,leaves,6
562,led,4
563,left,14
564,lefthand,2
565,legs,3
566,lessons,10
567,let,17
568,lets,5
569,letter,3
570,lie,2
571,life,11
572,like,84
573,liked,6
574,likely,5
575,line,2
576,list,3
577,listen,7
578,listening,3
579,little,126
580,live,8
581,lived,3
582,livery,3
583,lives,4
584,living,2
585,lizard,5
586,lobster,7
587,lobsters,7
588,locks,2
589,lonely,2
590,long,31
591,longed,2
592,longer,3
593,longitude,2
594,look,28
595,looked,43
596,looking,30
597,lory,7
598,lost,3
599,loud,5
600,loudly,2
601,love,3
602,lovely,2
603,low,13
604,luckily,2
605,lying,7
606,ma,2
607,mabel,4
608,mad,14
609,majesty,10
610,make,26
611,makes,11
612,making,8
613,man,5
614,manage,7
615,managed,4
616,manner,2
617,march,33
618,mark,3
619,marked,6
620,mary,4
621,master,3
622,matter,9
623,matters,2
624,mean,10
625,meaning,8
626,means,4
627,meant,4
628,meekly,2
629,meet,2
630,melancholy,6
631,mentioned,3
632,mercia,2
633,merely,2
634,messages,2
635,met,3
636,mice,3
637,middle,7
638,mile,2
639,miles,3
640,mind,10
641,minute,20
642,minutes,11
643,miss,4
644,missed,2
645,mistake,3
646,mock,54
647,moment,28
648,moments,2
649,month,2
650,moral,8
651,morcar,2
652,morning,5
653,mouse,38
654,mouth,9
655,mouths,3
656,moved,4
657,moving,3
658,muchness,2
659,mushroom,8
660,music,3
661,mustard,2
662,muttered,2
663,muttering,3
664,mystery,2
665,names,2
666,narrow,2
667,natural,4
668,near,14
669,nearer,5
670,nearly,11
671,neatly,2
672,neck,7
673,neednt,3
674,nervous,5
675,new,5
676,nibbled,2
677,nibbling,3
678,nice,6
679,nicely,2
680,night,3
681,noise,3
682,nonsense,6
683,northumbria,2
684,nose,8
685,notebook,2
686,notice,5
687,noticed,8
688,notion,3
689,number,5
690,nurse,2
691,nursing,3
692,obliged,3
693,occurred,2
694,oclock,3
695,offended,10
696,offer,2
697,officers,4
698,oh,38
699,old,19
700,older,2
701,ones,2
702,open,6
703,opened,10
704,opening,3
705,opportunity,8
706,order,3
707,ordered,4
708,ordering,2
709,ornamented,2
710,ought,14
711,outoftheway,3
712,outside,4
713,owl,3
714,pack,4
715,painting,2
716,pair,6
717,pale,4
718,panther,3
719,panting,2
720,paper,4
721,parchment,2
722,pardon,6
723,paris,2
724,particular,4
725,party,8
726,passage,4
727,passed,5
728,passion,3
729,pat,2
730,patiently,2
731,pattering,3
732,pause,2
733,paw,3
734,paws,4
735,pebbles,2
736,peeped,3
737,pennyworth,2
738,people,13
739,pepper,7
740,perfectly,4
741,persisted,2
742,person,4
743,personal,2
744,picked,3
745,picking,2
746,pictures,4
747,pie,2
748,piece,5
749,pieces,3
750,pig,8
751,pigeon,12
752,pigs,2
753,pinch,2
754,pinched,2
755,pity,2
756,place,7
757,places,2
758,plan,4
759,plate,3
760,plates,2
761,play,8
762,players,4
763,playing,2
764,pleaded,3
765,pleased,7
766,plenty,2
767,pocket,5
768,pointing,4
769,poison,3
770,politely,6
771,pool,9
772,poor,27
773,porpoise,4
774,position,2
775,possibly,3
776,pray,3
777,present,3
778,presently,2
779,presents,2
780,pressed,3
781,prizes,5
782,proceed,2
783,procession,3
784,proper,3
785,proud,2
786,proved,2
787,proves,2
788,puppy,6
789,purring,2
790,putting,3
791,puzzled,9
792,puzzling,4
793,quadrille,4
794,quarrelling,2
795,queen,58
796,queens,7
797,queer,10
798,question,16
799,questions,3
800,quick,2
801,quickly,2
802,quiet,2
803,quietly,4
804,quite,55
805,rabbit,46
806,rabbithole,3
807,rabbits,4
808,race,2
809,railway,2
810,ran,15
811,rapidly,2
812,rate,9
813,raving,2
814,reach,4
815,read,11
816,reading,3
817,ready,8
818,real,3
819,really,13
820,reason,9
821,recovered,2
822,red,2
823,regular,2
824,relief,2
825,remained,3
826,remark,10
827,remarkable,2
828,remarked,10
829,remarking,3
830,remarks,3
831,remember,14
832,remembered,5
833,removed,2
834,repeat,7
835,repeated,10
836,repeating,3
837,replied,29
838,reply,4
839,rest,9
840,resting,2
841,returned,2
842,right,30
843,righthand,2
844,ring,2
845,ringlets,2
846,roof,6
847,room,13
848,roses,2
849,rosetree,3
850,round,41
851,row,2
852,rubbing,2
853,rude,2
854,rule,5
855,rules,3
856,run,4
857,running,8
858,rush,2
859,sad,3
860,sadly,5
861,safe,2
862,said,450
863,salt,2
864,sang,2
865,sat,16
866,savage,4
867,saw,14
868,say,50
869,saying,15
870,says,4
871,school,5
872,scream,2
873,screamed,2
874,scroll,2
875,sea,13
876,second,4
877,secondly,2
878,seen,14
879,sell,2
880,sending,2
881,sensation,2
882,sense,3
883,sent,2
884,sentence,6
885,serpent,9
886,serpents,3
887,set,14
888,settled,3
889,seven,6
890,severely,4
891,sh,2
892,shaking,3
893,shall,25
894,shant,5
895,shaped,3
896,sharp,6
897,sharply,4
898,shed,2
899,shell,3
900,shes,6
901,shoes,7
902,shook,9
903,shore,3
904,short,4
905,shorter,2
906,shoulder,4
907,shoulders,4
908,shouldnt,5
909,shouted,5
910,shouting,2
911,shower,2
912,showing,2
913,shriek,4
914,shrill,3
915,shrinking,4
916,shut,5
917,shutting,2
918,sides,4
919,sigh,4
920,sighed,5
921,sighing,3
922,sight,10
923,signed,2
924,silence,14
925,silent,5
926,simple,2
927,simply,2
928,sing,6
929,singers,2
930,singing,2
931,sir,7
932,sister,7
933,sisters,2
934,sit,8
935,sitting,10
936,size,13
937,sky,4
938,slate,2
939,slates,7
940,sleep,6
941,sleepy,5
942,slipped,3
943,slowly,8
944,small,10
945,smaller,3
946,smallest,2
947,smile,2
948,smiled,2
949,smiling,2
950,smoking,2
951,snail,3
952,snatch,2
953,sneezes,2
954,sneezing,6
955,sobbing,3
956,sobs,2
957,soldiers,5
958,solemn,3
959,solemnly,4
960,somebody,7
961,song,7
962,soon,25
963,sooner,2
964,soooop,10
965,sorrow,2
966,sorrowful,2
967,sort,20
968,sorts,3
969,sound,4
970,sounded,5
971,sounds,4
972,soup,18
973,speak,14
974,speaking,5
975,spectacles,3
976,speech,3
977,splashing,2
978,spoke,14
979,spoon,2
980,spread,3
981,stairs,3
982,stamping,2
983,stand,6
984,staring,3
985,started,2
986,startled,2
987,stay,5
988,stick,4
989,stirring,2
990,stole,2
991,stood,6
992,stoop,2
993,stop,6
994,stopped,3
995,story,8
996,straight,2
997,strange,4
998,stretched,2
999,stretching,2
1000,struck,2
1001,stuff,4
1002,stupid,6
1003,subject,6
1004,succeeded,3
1005,sudden,5
1006,suddenly,13
1007,suit,3
1008,sulkily,2
1009,sulky,3
1010,sun,2
1011,suppose,14
1012,suppressed,3
1013,sure,24
1014,surprise,5
1015,surprised,6
1016,swam,5
1017,swim,5
1018,swimming,2
1019,table,18
1020,tail,9
1021,tails,3
1022,taken,4
1023,takes,2
1024,taking,5
1025,tale,3
1026,talk,14
1027,talking,17
1028,taller,2
1029,tarts,7
1030,taste,2
1031,tasted,3
1032,taught,4
1033,tea,12
1034,teacup,3
1035,teaparty,2
1036,tears,11
1037,teatime,2
1038,telescope,3
1039,tell,30
1040,telling,2
1041,tells,2
1042,temper,5
1043,thank,4
1044,thats,32
1045,themand,2
1046,theres,24
1047,theyd,4
1048,theyll,4
1049,theyre,13
1050,thimble,4
1051,thing,49
1052,things,28
1053,think,53
1054,thinking,11
1055,thistle,2
1056,thoroughly,2
1057,thought,75
1058,thoughtfully,4
1059,thoughts,2
1060,thousand,2
1061,threelegged,2
1062,threw,2
1063,throat,2
1064,throw,3
1065,throwing,2
1066,thump,2
1067,till,21
1068,time,68
1069,times,6
1070,timid,2
1071,timidly,8
1072,tiny,4
1073,tired,7
1074,tis,5
1075,today,4
1076,toes,3
1077,told,6
1078,tone,38
1079,tones,2
1080,tongue,4
1081,took,24
1082,tortoise,3
1083,tossing,3
1084,treacle,5
1085,treading,2
1086,tree,5
1087,trees,7
1088,trembled,2
1089,trembling,6
1090,trial,7
1091,trials,4
1092,tried,19
1093,triumphantly,2
1094,trotting,2
1095,trouble,6
1096,true,4
1097,trumpet,4
1098,trumpetidwiaw,2
1099,trumpetisly,2
1100,try,12
1101,trying,13
1102,tucked,3
1103,tumbling,2
1104,turn,9
1105,turned,14
1106,turning,11
1107,turns,3
1108,turtle,55
1109,turtles,3
1110,tut,2
1111,twentyfour,2
1112,twice,5
1113,twinkle,8
1114,twinkling,4
1115,twist,2
1116,ugh,2
1117,uglification,2
1118,ugly,2
1119,uncomfortable,4
1120,understand,6
1121,undertone,2
1122,uneasily,2
1123,unfolded,2
1124,unfortunate,2
1125,unhappy,2
1126,unimportant,3
1127,unless,2
1128,unpleasant,2
1129,unrolled,2
1130,upset,3
1131,use,18
1132,used,12
1133,useful,2
1134,using,2
1135,usual,5
1136,usually,2
1137,vanished,4
1138,venture,3
1139,ventured,4
1140,verdict,3
1141,verse,4
1142,verses,4
1143,violent,2
1144,violently,4
1145,voice,44
1146,voices,2
1147,waistcoatpocket,2
1148,waited,11
1149,waiting,9
1150,wake,2
1151,walk,5
1152,walked,10
1153,walking,4
1154,wandering,2
1155,want,9
1156,wanted,4
1157,wants,2
1158,wash,2
1159,washing,2
1160,wasnt,11
1161,wasting,2
1162,watch,8
1163,watched,2
1164,watching,3
1165,water,4
1166,waving,4
1167,way,51
1168,week,3
1169,went,82
1170,wet,2
1171,weve,2
1172,whats,5
1173,whiskers,3
1174,whisper,3
1175,whispered,4
1176,white,36
1177,whiting,8
1178,wide,2
1179,wig,2
1180,wildly,2
1181,william,7
1182,window,8
1183,wine,2
1184,wink,2
1185,wise,2
1186,wish,21
1187,witness,10
1188,won,2
1189,wonder,18
1190,wonderful,2
1191,wondering,6
1192,wont,24
1193,wood,7
1194,word,10
1195,words,21
1196,work,8
1197,world,7
1198,worse,3
1199,worth,4
1200,wouldnt,13
1201,wow,6
1202,wretched,2
1203,write,6
1204,writing,4
1205,written,6
1206,wrong,5
1207,wrote,3
1208,yaw,4
1209,yawned,2
1210,yawning,2
1211,year,2
1212,yer,4
1213,yes,12
1214,yesterday,3
1215,youd,10
1216,youll,6
1217,young,5
1218,youre,23
1219,youth,6
1220,youve,6
